Source,Target,Weight,Type
cc_gt01,cc_gt02,3,undirected
cc_gt01,cc_gt11,1,undirected
cc_gt01,cc_unfccc26,2,undirected
cc_gt02,cc_gt01,3,undirected
cc_gt02,cc_gt11,3,undirected
cc_gt02,cc_gt12,1,undirected
cc_gt02,cc_unfccc26,2,undirected
cc_gt03,cc_gt05,3,undirected
cc_gt03,cc_gt06,3,undirected
cc_gt03,cc_gt07,6,undirected
cc_gt04,cc_gt07,1,undirected
cc_gt04,cc_unfccc03,2,undirected
cc_gt04,cc_unfccc26,3,undirected
cc_gt05,cc_gt03,3,undirected
cc_gt05,cc_gt06,6,undirected
cc_gt05,cc_gt08,1,undirected
cc_gt05,cc_gt10,2,undirected
cc_gt06,cc_gt03,3,undirected
cc_gt06,cc_gt05,6,undirected
cc_gt06,cc_gt07,1,undirected
cc_gt06,cc_gt08,5,undirected
cc_gt06,cc_gt11,2,undirected
cc_gt06,cc_gt12,2,undirected
cc_gt07,cc_gt03,6,undirected
cc_gt07,cc_gt04,1,undirected
cc_gt07,cc_gt06,1,undirected
cc_gt07,cc_gt11,2,undirected
cc_gt08,cc_gt05,1,undirected
cc_gt08,cc_gt06,5,undirected
cc_gt08,cc_gt11,1,undirected
cc_gt08,cc_un22,1,undirected
cc_gt08,wc_10,2,undirected
cc_gt09,cc_gt10,2,undirected
cc_gt09,cc_un03,1,undirected
cc_gt09,cc_unfccc26,3,undirected
cc_gt10,cc_gt05,2,undirected
cc_gt10,cc_gt09,2,undirected
cc_gt10,cc_gt12,2,undirected
cc_gt10,cc_unfccc26,3,undirected
cc_gt11,cc_gt01,1,undirected
cc_gt11,cc_gt02,3,undirected
cc_gt11,cc_gt06,2,undirected
cc_gt11,cc_gt07,2,undirected
cc_gt11,cc_gt08,1,undirected
cc_gt11,cc_gt12,6,undirected
cc_gt12,cc_gt02,1,undirected
cc_gt12,cc_gt06,2,undirected
cc_gt12,cc_gt10,2,undirected
cc_gt12,cc_gt11,6,undirected
cc_un01,cc_un03,5,undirected
cc_un01,cc_un04,2,undirected
cc_un01,cc_un17,6,undirected
cc_un01,cc_unfccc26,1,undirected
cc_un01,jfk_48,1,undirected
cc_un01,mt_10,1,undirected
cc_un02,cc_un03,3,undirected
cc_un02,cc_unfccc26,2,undirected
cc_un02,cc_unfccc27,1,undirected
cc_un03,cc_gt09,1,undirected
cc_un03,cc_un01,5,undirected
cc_un03,cc_un02,3,undirected
cc_un03,cc_un16,3,undirected
cc_un03,cc_un17,1,undirected
cc_un03,cc_un21,1,undirected
cc_un03,cc_un24,1,undirected
cc_un03,cc_unfccc12,2,undirected
cc_un03,cc_unfccc26,2,undirected
cc_un03,cc_unfccc31,1,undirected
cc_un03,jfk_40,2,undirected
cc_un03,jfk_44,2,undirected
cc_un03,mt_02,1,undirected
cc_un03,mt_10,2,undirected
cc_un03,wc_41,2,undirected
cc_un04,cc_un01,2,undirected
cc_un04,cc_unfccc26,3,undirected
cc_un04,cc_unfccc34,1,undirected
cc_un05,cc_un22,3,undirected
cc_un05,cc_unfccc22,2,undirected
cc_un05,cc_unfccc26,1,undirected
cc_un06,cc_un11,3,undirected
cc_un06,cc_un22,2,undirected
cc_un06,cc_unfccc26,1,undirected
cc_un07,cc_un12,1,undirected
cc_un07,cc_un13,4,undirected
cc_un07,cc_un22,3,undirected
cc_un08,cc_un09,6,undirected
cc_un08,cc_un10,2,undirected
cc_un08,cc_un11,5,undirected
cc_un08,cc_un14,4,undirected
cc_un09,cc_un08,6,undirected
cc_un09,cc_un11,1,undirected
cc_un09,cc_un14,4,undirected
cc_un09,cc_unfccc34,1,undirected
cc_un10,cc_un08,2,undirected
cc_un10,cc_un11,1,undirected
cc_un10,cc_un14,4,undirected
cc_un11,cc_un06,3,undirected
cc_un11,cc_un08,5,undirected
cc_un11,cc_un09,1,undirected
cc_un11,cc_un10,1,undirected
cc_un11,cc_un15,1,undirected
cc_un11,cc_un22,2,undirected
cc_un12,cc_un07,1,undirected
cc_un12,cc_un13,5,undirected
cc_un12,cc_unfccc01,1,undirected
cc_un12,cc_unfccc15,3,undirected
cc_un12,cc_unfccc26,3,undirected
cc_un12,cc_unfccc33,1,undirected
cc_un12,cc_unfccc34,1,undirected
cc_un12,jfk_08,1,undirected
cc_un12,wc_12,2,undirected
cc_un13,cc_un07,4,undirected
cc_un13,cc_un12,5,undirected
cc_un13,cc_un22,1,undirected
cc_un14,cc_un08,4,undirected
cc_un14,cc_un09,4,undirected
cc_un14,cc_un10,4,undirected
cc_un14,cc_un15,2,undirected
cc_un15,cc_un11,1,undirected
cc_un15,cc_un14,2,undirected
cc_un15,cc_un22,3,undirected
cc_un16,cc_un03,3,undirected
cc_un16,cc_unfccc27,2,undirected
cc_un16,cc_unfccc31,1,undirected
cc_un17,cc_un01,6,undirected
cc_un17,cc_un03,1,undirected
cc_un17,cc_unfccc26,2,undirected
cc_un18,cc_un19,3,undirected
cc_un18,cc_un20,1,undirected
cc_un18,cc_un23,3,undirected
cc_un18,cc_un27,4,undirected
cc_un19,cc_un18,3,undirected
cc_un19,cc_un20,4,undirected
cc_un19,cc_un23,4,undirected
cc_un20,cc_un18,1,undirected
cc_un20,cc_un19,4,undirected
cc_un20,cc_un23,2,undirected
cc_un21,cc_un03,1,undirected
cc_un21,cc_un26,3,undirected
cc_un21,cc_unfccc31,2,undirected
cc_un22,cc_gt08,1,undirected
cc_un22,cc_un05,3,undirected
cc_un22,cc_un06,2,undirected
cc_un22,cc_un07,3,undirected
cc_un22,cc_un11,2,undirected
cc_un22,cc_un13,1,undirected
cc_un22,cc_un15,3,undirected
cc_un22,cc_un23,5,undirected
cc_un22,cc_un26,2,undirected
cc_un22,cc_un27,1,undirected
cc_un22,cc_unfccc01,3,undirected
cc_un22,cc_unfccc06,3,undirected
cc_un22,cc_unfccc19,1,undirected
cc_un22,cc_unfccc20,1,undirected
cc_un22,cc_unfccc22,4,undirected
cc_un22,cc_unfccc27,1,undirected
cc_un22,cc_unfccc30,2,undirected
cc_un22,cc_unfccc31,3,undirected
cc_un22,jfk_30,1,undirected
cc_un22,jfk_55,1,undirected
cc_un23,cc_un18,3,undirected
cc_un23,cc_un19,4,undirected
cc_un23,cc_un20,2,undirected
cc_un23,cc_un22,5,undirected
cc_un23,cc_un25,3,undirected
cc_un23,cc_un27,6,undirected
cc_un23,cc_un28,3,undirected
cc_un24,cc_un03,1,undirected
cc_un24,cc_unfccc26,2,undirected
cc_un24,cc_unfccc34,3,undirected
cc_un25,cc_un23,3,undirected
cc_un25,cc_un28,4,undirected
cc_un25,cc_unfccc22,1,undirected
cc_un26,cc_un21,3,undirected
cc_un26,cc_un22,2,undirected
cc_un26,cc_unfccc26,1,undirected
cc_un26,cc_unfccc33,2,undirected
cc_un26,cc_unfccc34,3,undirected
cc_un27,cc_un18,4,undirected
cc_un27,cc_un22,1,undirected
cc_un27,cc_un23,6,undirected
cc_un27,cc_un28,1,undirected
cc_un28,cc_un23,3,undirected
cc_un28,cc_un25,4,undirected
cc_un28,cc_un27,1,undirected
cc_unfccc01,cc_un12,1,undirected
cc_unfccc01,cc_un22,3,undirected
cc_unfccc01,cc_unfccc14,2,undirected
cc_unfccc02,cc_unfccc03,4,undirected
cc_unfccc02,cc_unfccc22,1,undirected
cc_unfccc02,wc_10,3,undirected
cc_unfccc03,cc_gt04,2,undirected
cc_unfccc03,cc_unfccc02,4,undirected
cc_unfccc03,cc_unfccc26,3,undirected
cc_unfccc03,jfk_85,1,undirected
cc_unfccc04,cc_unfccc07,1,undirected
cc_unfccc04,cc_unfccc21,2,undirected
cc_unfccc04,cc_unfccc26,3,undirected
cc_unfccc05,cc_unfccc22,1,undirected
cc_unfccc05,cc_unfccc26,2,undirected
cc_unfccc05,cc_unfccc31,3,undirected
cc_unfccc06,cc_un22,3,undirected
cc_unfccc06,cc_unfccc26,1,undirected
cc_unfccc06,cc_unfccc34,2,undirected
cc_unfccc07,cc_unfccc04,1,undirected
cc_unfccc07,cc_unfccc09,2,undirected
cc_unfccc07,cc_unfccc17,3,undirected
cc_unfccc07,cc_unfccc18,2,undirected
cc_unfccc07,cc_unfccc21,2,undirected
cc_unfccc07,cc_unfccc34,3,undirected
cc_unfccc07,cc_unfccc35,2,undirected
cc_unfccc08,cc_unfccc26,3,undirected
cc_unfccc08,cc_unfccc31,2,undirected
cc_unfccc08,cc_unfccc34,1,undirected
cc_unfccc09,cc_unfccc07,2,undirected
cc_unfccc09,cc_unfccc21,1,undirected
cc_unfccc09,cc_unfccc26,3,undirected
cc_unfccc10,cc_unfccc26,3,undirected
cc_unfccc10,cc_unfccc31,2,undirected
cc_unfccc10,cc_unfccc34,1,undirected
cc_unfccc11,cc_unfccc14,2,undirected
cc_unfccc11,cc_unfccc21,1,undirected
cc_unfccc11,cc_unfccc31,3,undirected
cc_unfccc12,cc_un03,2,undirected
cc_unfccc12,cc_unfccc26,3,undirected
cc_unfccc12,cc_unfccc27,1,undirected
cc_unfccc13,cc_unfccc16,3,undirected
cc_unfccc13,cc_unfccc21,2,undirected
cc_unfccc13,cc_unfccc34,1,undirected
cc_unfccc14,cc_unfccc01,2,undirected
cc_unfccc14,cc_unfccc11,2,undirected
cc_unfccc14,cc_unfccc15,1,undirected
cc_unfccc14,cc_unfccc21,3,undirected
cc_unfccc14,cc_unfccc31,1,undirected
cc_unfccc14,cc_unfccc34,2,undirected
cc_unfccc15,cc_un12,3,undirected
cc_unfccc15,cc_unfccc14,1,undirected
cc_unfccc15,cc_unfccc34,2,undirected
cc_unfccc16,cc_unfccc13,3,undirected
cc_unfccc16,cc_unfccc21,1,undirected
cc_unfccc16,cc_unfccc25,2,undirected
cc_unfccc16,cc_unfccc28,3,undirected
cc_unfccc16,cc_unfccc31,2,undirected
cc_unfccc16,cc_unfccc34,3,undirected
cc_unfccc17,cc_unfccc07,3,undirected
cc_unfccc17,cc_unfccc26,1,undirected
cc_unfccc17,cc_unfccc34,4,undirected
cc_unfccc18,cc_unfccc07,2,undirected
cc_unfccc18,cc_unfccc21,1,undirected
cc_unfccc18,cc_unfccc25,3,undirected
cc_unfccc18,cc_unfccc34,3,undirected
cc_unfccc19,cc_un22,1,undirected
cc_unfccc19,cc_unfccc21,2,undirected
cc_unfccc19,cc_unfccc25,1,undirected
cc_unfccc19,cc_unfccc31,5,undirected
cc_unfccc19,jfk_46,1,undirected
cc_unfccc20,cc_un22,1,undirected
cc_unfccc20,cc_unfccc21,2,undirected
cc_unfccc20,cc_unfccc26,5,undirected
cc_unfccc20,cc_unfccc30,3,undirected
cc_unfccc21,cc_unfccc04,2,undirected
cc_unfccc21,cc_unfccc07,2,undirected
cc_unfccc21,cc_unfccc09,1,undirected
cc_unfccc21,cc_unfccc11,1,undirected
cc_unfccc21,cc_unfccc13,2,undirected
cc_unfccc21,cc_unfccc14,3,undirected
cc_unfccc21,cc_unfccc16,1,undirected
cc_unfccc21,cc_unfccc18,1,undirected
cc_unfccc21,cc_unfccc19,2,undirected
cc_unfccc21,cc_unfccc20,2,undirected
cc_unfccc21,cc_unfccc26,4,undirected
cc_unfccc21,cc_unfccc32,3,undirected
cc_unfccc21,cc_unfccc34,6,undirected
cc_unfccc21,cc_unfccc35,5,undirected
cc_unfccc21,jfk_50,1,undirected
cc_unfccc21,jfk_65,2,undirected
cc_unfccc21,wc_12,3,undirected
cc_unfccc22,cc_un05,2,undirected
cc_unfccc22,cc_un22,4,undirected
cc_unfccc22,cc_un25,1,undirected
cc_unfccc22,cc_unfccc02,1,undirected
cc_unfccc22,cc_unfccc05,1,undirected
cc_unfccc22,cc_unfccc31,1,undirected
cc_unfccc22,cc_unfccc34,2,undirected
cc_unfccc23,cc_unfccc26,3,undirected
cc_unfccc23,cc_unfccc31,2,undirected
cc_unfccc23,cc_unfccc34,1,undirected
cc_unfccc24,cc_unfccc26,3,undirected
cc_unfccc24,cc_unfccc27,2,undirected
cc_unfccc24,cc_unfccc34,1,undirected
cc_unfccc25,cc_unfccc16,2,undirected
cc_unfccc25,cc_unfccc18,3,undirected
cc_unfccc25,cc_unfccc19,1,undirected
cc_unfccc26,cc_gt01,2,undirected
cc_unfccc26,cc_gt02,2,undirected
cc_unfccc26,cc_gt04,3,undirected
cc_unfccc26,cc_gt09,3,undirected
cc_unfccc26,cc_gt10,3,undirected
cc_unfccc26,cc_un01,1,undirected
cc_unfccc26,cc_un02,2,undirected
cc_unfccc26,cc_un03,2,undirected
cc_unfccc26,cc_un04,3,undirected
cc_unfccc26,cc_un05,1,undirected
cc_unfccc26,cc_un06,1,undirected
cc_unfccc26,cc_un12,3,undirected
cc_unfccc26,cc_un17,2,undirected
cc_unfccc26,cc_un24,2,undirected
cc_unfccc26,cc_un26,1,undirected
cc_unfccc26,cc_unfccc03,3,undirected
cc_unfccc26,cc_unfccc04,3,undirected
cc_unfccc26,cc_unfccc05,2,undirected
cc_unfccc26,cc_unfccc06,1,undirected
cc_unfccc26,cc_unfccc08,3,undirected
cc_unfccc26,cc_unfccc09,3,undirected
cc_unfccc26,cc_unfccc10,3,undirected
cc_unfccc26,cc_unfccc12,3,undirected
cc_unfccc26,cc_unfccc17,1,undirected
cc_unfccc26,cc_unfccc20,5,undirected
cc_unfccc26,cc_unfccc21,4,undirected
cc_unfccc26,cc_unfccc23,3,undirected
cc_unfccc26,cc_unfccc24,3,undirected
cc_unfccc26,cc_unfccc27,3,undirected
cc_unfccc26,cc_unfccc28,2,undirected
cc_unfccc26,cc_unfccc29,3,undirected
cc_unfccc26,cc_unfccc31,1,undirected
cc_unfccc26,cc_unfccc33,3,undirected
cc_unfccc26,jfk_01,1,undirected
cc_unfccc26,jfk_13,1,undirected
cc_unfccc26,jfk_21,2,undirected
cc_unfccc26,jfk_24,2,undirected
cc_unfccc26,jfk_34,3,undirected
cc_unfccc26,jfk_35,3,undirected
cc_unfccc26,jfk_39,1,undirected
cc_unfccc26,jfk_40,3,undirected
cc_unfccc26,jfk_41,2,undirected
cc_unfccc26,jfk_44,3,undirected
cc_unfccc26,jfk_48,3,undirected
cc_unfccc26,jfk_50,3,undirected
cc_unfccc26,jfk_58,3,undirected
cc_unfccc26,jfk_65,3,undirected
cc_unfccc26,jfk_81,3,undirected
cc_unfccc26,mt_02,3,undirected
cc_unfccc26,mt_03,2,undirected
cc_unfccc26,mt_06,1,undirected
cc_unfccc26,mt_10,3,undirected
cc_unfccc26,wc_12,1,undirected
cc_unfccc26,wc_23,3,undirected
cc_unfccc26,wc_33,1,undirected
cc_unfccc26,wc_34,1,undirected
cc_unfccc26,wc_35,3,undirected
cc_unfccc26,wc_41,3,undirected
cc_unfccc26,wc_42,3,undirected
cc_unfccc26,wc_50,3,undirected
cc_unfccc27,cc_un02,1,undirected
cc_unfccc27,cc_un16,2,undirected
cc_unfccc27,cc_un22,1,undirected
cc_unfccc27,cc_unfccc12,1,undirected
cc_unfccc27,cc_unfccc24,2,undirected
cc_unfccc27,cc_unfccc26,3,undirected
cc_unfccc27,cc_unfccc31,2,undirected
cc_unfccc28,cc_unfccc16,3,undirected
cc_unfccc28,cc_unfccc26,2,undirected
cc_unfccc28,cc_unfccc33,1,undirected
cc_unfccc29,cc_unfccc26,3,undirected
cc_unfccc29,cc_unfccc31,2,undirected
cc_unfccc29,cc_unfccc34,1,undirected
cc_unfccc29,jfk_41,1,undirected
cc_unfccc29,jfk_81,1,undirected
cc_unfccc30,cc_un22,2,undirected
cc_unfccc30,cc_unfccc20,3,undirected
cc_unfccc30,cc_unfccc31,1,undirected
cc_unfccc31,cc_un03,1,undirected
cc_unfccc31,cc_un16,1,undirected
cc_unfccc31,cc_un21,2,undirected
cc_unfccc31,cc_un22,3,undirected
cc_unfccc31,cc_unfccc05,3,undirected
cc_unfccc31,cc_unfccc08,2,undirected
cc_unfccc31,cc_unfccc10,2,undirected
cc_unfccc31,cc_unfccc11,3,undirected
cc_unfccc31,cc_unfccc14,1,undirected
cc_unfccc31,cc_unfccc16,2,undirected
cc_unfccc31,cc_unfccc19,5,undirected
cc_unfccc31,cc_unfccc22,1,undirected
cc_unfccc31,cc_unfccc23,2,undirected
cc_unfccc31,cc_unfccc26,1,undirected
cc_unfccc31,cc_unfccc27,2,undirected
cc_unfccc31,cc_unfccc29,2,undirected
cc_unfccc31,cc_unfccc30,1,undirected
cc_unfccc31,cc_unfccc32,1,undirected
cc_unfccc31,cc_unfccc34,5,undirected
cc_unfccc31,jfk_65,1,undirected
cc_unfccc32,cc_unfccc21,3,undirected
cc_unfccc32,cc_unfccc31,1,undirected
cc_unfccc32,cc_unfccc34,2,undirected
cc_unfccc33,cc_un12,1,undirected
cc_unfccc33,cc_un26,2,undirected
cc_unfccc33,cc_unfccc26,3,undirected
cc_unfccc33,cc_unfccc28,1,undirected
cc_unfccc34,cc_un04,1,undirected
cc_unfccc34,cc_un09,1,undirected
cc_unfccc34,cc_un12,1,undirected
cc_unfccc34,cc_un24,3,undirected
cc_unfccc34,cc_un26,3,undirected
cc_unfccc34,cc_unfccc06,2,undirected
cc_unfccc34,cc_unfccc07,3,undirected
cc_unfccc34,cc_unfccc08,1,undirected
cc_unfccc34,cc_unfccc10,1,undirected
cc_unfccc34,cc_unfccc13,1,undirected
cc_unfccc34,cc_unfccc14,2,undirected
cc_unfccc34,cc_unfccc15,2,undirected
cc_unfccc34,cc_unfccc16,3,undirected
cc_unfccc34,cc_unfccc17,4,undirected
cc_unfccc34,cc_unfccc18,3,undirected
cc_unfccc34,cc_unfccc21,6,undirected
cc_unfccc34,cc_unfccc22,2,undirected
cc_unfccc34,cc_unfccc23,1,undirected
cc_unfccc34,cc_unfccc24,1,undirected
cc_unfccc34,cc_unfccc29,1,undirected
cc_unfccc34,cc_unfccc31,5,undirected
cc_unfccc34,cc_unfccc32,2,undirected
cc_unfccc34,cc_unfccc35,1,undirected
cc_unfccc34,jfk_21,3,undirected
cc_unfccc34,jfk_41,3,undirected
cc_unfccc34,mt_03,1,undirected
cc_unfccc35,cc_unfccc07,2,undirected
cc_unfccc35,cc_unfccc21,5,undirected
cc_unfccc35,cc_unfccc34,1,undirected
jfk_01,cc_unfccc26,1,undirected
jfk_01,jfk_85,2,undirected
jfk_01,wc_10,3,undirected
jfk_02,jfk_03,3,undirected
jfk_02,jfk_11,1,undirected
jfk_02,wc_47,2,undirected
jfk_03,jfk_02,3,undirected
jfk_03,mt_01,3,undirected
jfk_03,wc_14,3,undirected
jfk_03,wc_30,2,undirected
jfk_03,wc_47,1,undirected
jfk_04,jfk_07,1,undirected
jfk_04,jfk_14,6,undirected
jfk_04,wc_10,2,undirected
jfk_05,jfk_07,6,undirected
jfk_05,jfk_08,3,undirected
jfk_05,jfk_09,2,undirected
jfk_05,jfk_23,1,undirected
jfk_05,jfk_59,2,undirected
jfk_05,jfk_60,2,undirected
jfk_06,jfk_10,3,undirected
jfk_06,jfk_11,1,undirected
jfk_06,jfk_24,1,undirected
jfk_06,jfk_26,3,undirected
jfk_06,jfk_30,2,undirected
jfk_06,jfk_85,3,undirected
jfk_06,wc_10,2,undirected
jfk_06,wc_23,2,undirected
jfk_06,wc_29,2,undirected
jfk_06,wc_42,1,undirected
jfk_07,jfk_04,1,undirected
jfk_07,jfk_05,6,undirected
jfk_07,jfk_14,2,undirected
jfk_07,jfk_21,1,undirected
jfk_07,jfk_23,2,undirected
jfk_07,jfk_60,2,undirected
jfk_08,cc_un12,1,undirected
jfk_08,jfk_05,3,undirected
jfk_08,jfk_25,2,undirected
jfk_08,wc_10,2,undirected
jfk_09,jfk_05,2,undirected
jfk_09,jfk_60,3,undirected
jfk_09,wc_39,1,undirected
jfk_10,jfk_06,3,undirected
jfk_10,jfk_85,2,undirected
jfk_10,jfk_97,1,undirected
jfk_100,jfk_94,1,undirected
jfk_100,wc_10,3,undirected
jfk_100,wc_47,1,undirected
jfk_100,wc_49,2,undirected
jfk_11,jfk_02,1,undirected
jfk_11,jfk_06,1,undirected
jfk_11,jfk_17,1,undirected
jfk_11,jfk_26,1,undirected
jfk_11,jfk_77,1,undirected
jfk_11,jfk_85,4,undirected
jfk_11,wc_10,2,undirected
jfk_12,jfk_17,2,undirected
jfk_12,jfk_85,2,undirected
jfk_12,wc_10,3,undirected
jfk_12,wc_30,1,undirected
jfk_13,cc_unfccc26,1,undirected
jfk_13,jfk_45,3,undirected
jfk_13,jfk_85,2,undirected
jfk_14,jfk_04,6,undirected
jfk_14,jfk_07,2,undirected
jfk_14,wc_10,2,undirected
jfk_15,jfk_44,2,undirected
jfk_15,jfk_45,3,undirected
jfk_15,wc_10,1,undirected
jfk_16,mt_08,1,undirected
jfk_16,wc_10,3,undirected
jfk_16,wc_39,2,undirected
jfk_17,jfk_11,1,undirected
jfk_17,jfk_12,2,undirected
jfk_17,jfk_19,3,undirected
jfk_18,jfk_22,3,undirected
jfk_18,jfk_52,1,undirected
jfk_18,wc_47,2,undirected
jfk_19,jfk_17,3,undirected
jfk_19,jfk_25,6,undirected
jfk_19,jfk_77,1,undirected
jfk_19,wc_04,2,undirected
jfk_20,jfk_27,3,undirected
jfk_20,jfk_77,2,undirected
jfk_20,jfk_83,3,undirected
jfk_20,wc_10,1,undirected
jfk_21,cc_unfccc26,2,undirected
jfk_21,cc_unfccc34,3,undirected
jfk_21,jfk_07,1,undirected
jfk_22,jfk_18,3,undirected
jfk_22,jfk_28,3,undirected
jfk_22,jfk_29,3,undirected
jfk_22,jfk_52,2,undirected
jfk_22,jfk_53,2,undirected
jfk_22,jfk_90,1,undirected
jfk_22,wc_44,2,undirected
jfk_22,wc_47,3,undirected
jfk_23,jfk_05,1,undirected
jfk_23,jfk_07,2,undirected
jfk_23,jfk_54,3,undirected
jfk_24,cc_unfccc26,2,undirected
jfk_24,jfk_06,1,undirected
jfk_24,jfk_34,2,undirected
jfk_24,jfk_39,2,undirected
jfk_24,jfk_48,2,undirected
jfk_24,jfk_85,3,undirected
jfk_24,wc_41,1,undirected
jfk_25,jfk_08,2,undirected
jfk_25,jfk_19,6,undirected
jfk_25,jfk_36,2,undirected
jfk_25,jfk_90,1,undirected
jfk_26,jfk_06,3,undirected
jfk_26,jfk_11,1,undirected
jfk_26,wc_10,2,undirected
jfk_27,jfk_20,3,undirected
jfk_27,jfk_85,1,undirected
jfk_27,jfk_99,2,undirected
jfk_28,jfk_22,3,undirected
jfk_28,jfk_52,2,undirected
jfk_28,wc_10,1,undirected
jfk_29,jfk_22,3,undirected
jfk_29,wc_01,1,undirected
jfk_29,wc_47,2,undirected
jfk_30,cc_un22,1,undirected
jfk_30,jfk_06,2,undirected
jfk_30,jfk_60,3,undirected
jfk_31,jfk_60,3,undirected
jfk_31,wc_09,2,undirected
jfk_31,wc_29,1,undirected
jfk_32,jfk_47,1,undirected
jfk_32,jfk_90,3,undirected
jfk_32,jfk_92,2,undirected
jfk_33,jfk_60,3,undirected
jfk_33,jfk_77,1,undirected
jfk_33,wc_39,2,undirected
jfk_34,cc_unfccc26,3,undirected
jfk_34,jfk_24,2,undirected
jfk_34,jfk_85,1,undirected
jfk_35,cc_unfccc26,3,undirected
jfk_35,jfk_77,2,undirected
jfk_35,wc_10,1,undirected
jfk_36,jfk_25,2,undirected
jfk_36,jfk_85,3,undirected
jfk_36,jfk_87,1,undirected
jfk_37,jfk_38,1,undirected
jfk_37,jfk_42,4,undirected
jfk_37,jfk_43,3,undirected
jfk_37,wc_10,2,undirected
jfk_38,jfk_37,1,undirected
jfk_38,jfk_76,2,undirected
jfk_38,jfk_83,3,undirected
jfk_39,cc_unfccc26,1,undirected
jfk_39,jfk_24,2,undirected
jfk_39,jfk_40,4,undirected
jfk_40,cc_un03,2,undirected
jfk_40,cc_unfccc26,3,undirected
jfk_40,jfk_39,4,undirected
jfk_41,cc_unfccc26,2,undirected
jfk_41,cc_unfccc29,1,undirected
jfk_41,cc_unfccc34,3,undirected
jfk_42,jfk_37,4,undirected
jfk_42,jfk_43,6,undirected
jfk_42,wc_10,2,undirected
jfk_43,jfk_37,3,undirected
jfk_43,jfk_42,6,undirected
jfk_43,wc_10,1,undirected
jfk_44,cc_un03,2,undirected
jfk_44,cc_unfccc26,3,undirected
jfk_44,jfk_15,2,undirected
jfk_44,jfk_85,1,undirected
jfk_44,mt_02,2,undirected
jfk_45,jfk_13,3,undirected
jfk_45,jfk_15,3,undirected
jfk_45,jfk_50,2,undirected
jfk_45,jfk_60,3,undirected
jfk_45,jfk_81,2,undirected
jfk_45,jfk_85,2,undirected
jfk_45,wc_10,1,undirected
jfk_46,cc_unfccc19,1,undirected
jfk_46,wc_29,3,undirected
jfk_46,wc_46,2,undirected
jfk_47,jfk_32,1,undirected
jfk_47,jfk_77,2,undirected
jfk_47,jfk_87,1,undirected
jfk_47,jfk_90,3,undirected
jfk_47,jfk_92,1,undirected
jfk_48,cc_un01,1,undirected
jfk_48,cc_unfccc26,3,undirected
jfk_48,jfk_24,2,undirected
jfk_49,jfk_51,3,undirected
jfk_49,wc_17,1,undirected
jfk_49,wc_28,2,undirected
jfk_49,wc_44,3,undirected
jfk_50,cc_unfccc21,1,undirected
jfk_50,cc_unfccc26,3,undirected
jfk_50,jfk_45,2,undirected
jfk_50,mt_03,3,undirected
jfk_50,mt_06,2,undirected
jfk_51,jfk_49,3,undirected
jfk_51,wc_18,1,undirected
jfk_51,wc_30,2,undirected
jfk_52,jfk_18,1,undirected
jfk_52,jfk_22,2,undirected
jfk_52,jfk_28,2,undirected
jfk_52,jfk_53,1,undirected
jfk_52,jfk_72,3,undirected
jfk_52,jfk_90,3,undirected
jfk_52,jfk_92,1,undirected
jfk_53,jfk_22,2,undirected
jfk_53,jfk_52,1,undirected
jfk_53,jfk_90,3,undirected
jfk_54,jfk_23,3,undirected
jfk_54,jfk_74,2,undirected
jfk_54,jfk_77,2,undirected
jfk_54,jfk_82,5,undirected
jfk_54,wc_09,1,undirected
jfk_55,cc_un22,1,undirected
jfk_55,jfk_60,2,undirected
jfk_55,jfk_85,3,undirected
jfk_56,jfk_60,2,undirected
jfk_56,jfk_77,3,undirected
jfk_56,jfk_82,1,undirected
jfk_57,jfk_60,2,undirected
jfk_57,wc_09,1,undirected
jfk_57,wc_10,3,undirected
jfk_58,cc_unfccc26,3,undirected
jfk_58,mt_08,1,undirected
jfk_58,wc_10,2,undirected
jfk_59,jfk_05,2,undirected
jfk_59,jfk_60,2,undirected
jfk_59,wc_10,3,undirected
jfk_60,jfk_05,2,undirected
jfk_60,jfk_07,2,undirected
jfk_60,jfk_09,3,undirected
jfk_60,jfk_30,3,undirected
jfk_60,jfk_31,3,undirected
jfk_60,jfk_33,3,undirected
jfk_60,jfk_45,3,undirected
jfk_60,jfk_55,2,undirected
jfk_60,jfk_56,2,undirected
jfk_60,jfk_57,2,undirected
jfk_60,jfk_59,2,undirected
jfk_60,jfk_62,1,undirected
jfk_60,jfk_85,1,undirected
jfk_60,jfk_95,2,undirected
jfk_60,jfk_98,2,undirected
jfk_60,wc_10,3,undirected
jfk_60,wc_39,2,undirected
jfk_61,jfk_62,3,undirected
jfk_61,jfk_99,2,undirected
jfk_61,wc_09,3,undirected
jfk_61,wc_39,1,undirected
jfk_62,jfk_60,1,undirected
jfk_62,jfk_61,3,undirected
jfk_62,jfk_99,2,undirected
jfk_63,jfk_85,2,undirected
jfk_63,wc_10,3,undirected
jfk_63,wc_39,1,undirected
jfk_64,jfk_66,6,undirected
jfk_64,jfk_68,1,undirected
jfk_64,jfk_69,2,undirected
jfk_65,cc_unfccc21,2,undirected
jfk_65,cc_unfccc26,3,undirected
jfk_65,cc_unfccc31,1,undirected
jfk_66,jfk_64,6,undirected
jfk_66,jfk_67,2,undirected
jfk_66,jfk_68,1,undirected
jfk_66,jfk_88,2,undirected
jfk_67,jfk_66,2,undirected
jfk_67,jfk_68,4,undirected
jfk_67,jfk_69,5,undirected
jfk_67,jfk_70,1,undirected
jfk_67,jfk_71,1,undirected
jfk_68,jfk_64,1,undirected
jfk_68,jfk_66,1,undirected
jfk_68,jfk_67,4,undirected
jfk_68,jfk_69,6,undirected
jfk_68,jfk_70,3,undirected
jfk_68,jfk_71,2,undirected
jfk_69,jfk_64,2,undirected
jfk_69,jfk_67,5,undirected
jfk_69,jfk_68,6,undirected
jfk_69,jfk_70,2,undirected
jfk_70,jfk_67,1,undirected
jfk_70,jfk_68,3,undirected
jfk_70,jfk_69,2,undirected
jfk_70,jfk_71,6,undirected
jfk_71,jfk_67,1,undirected
jfk_71,jfk_68,2,undirected
jfk_71,jfk_70,6,undirected
jfk_71,jfk_72,2,undirected
jfk_72,jfk_52,3,undirected
jfk_72,jfk_71,2,undirected
jfk_72,jfk_75,1,undirected
jfk_73,jfk_78,5,undirected
jfk_73,jfk_79,3,undirected
jfk_73,jfk_82,2,undirected
jfk_73,jfk_83,4,undirected
jfk_73,jfk_84,2,undirected
jfk_73,jfk_93,1,undirected
jfk_74,jfk_54,2,undirected
jfk_74,jfk_75,5,undirected
jfk_74,jfk_89,3,undirected
jfk_75,jfk_72,1,undirected
jfk_75,jfk_74,5,undirected
jfk_75,jfk_77,6,undirected
jfk_75,jfk_90,1,undirected
jfk_76,jfk_38,2,undirected
jfk_76,jfk_83,2,undirected
jfk_76,jfk_88,3,undirected
jfk_76,jfk_90,1,undirected
jfk_77,jfk_11,1,undirected
jfk_77,jfk_19,1,undirected
jfk_77,jfk_20,2,undirected
jfk_77,jfk_33,1,undirected
jfk_77,jfk_35,2,undirected
jfk_77,jfk_47,2,undirected
jfk_77,jfk_54,2,undirected
jfk_77,jfk_56,3,undirected
jfk_77,jfk_75,6,undirected
jfk_77,jfk_79,2,undirected
jfk_77,jfk_84,1,undirected
jfk_77,jfk_86,1,undirected
jfk_77,jfk_88,1,undirected
jfk_77,jfk_89,1,undirected
jfk_77,jfk_97,2,undirected
jfk_77,wc_39,1,undirected
jfk_77,wc_47,2,undirected
jfk_78,jfk_73,5,undirected
jfk_78,jfk_83,6,undirected
jfk_78,jfk_96,3,undirected
jfk_78,jfk_98,1,undirected
jfk_79,jfk_73,3,undirected
jfk_79,jfk_77,2,undirected
jfk_79,jfk_89,3,undirected
jfk_79,jfk_99,1,undirected
jfk_80,jfk_90,5,undirected
jfk_80,jfk_92,3,undirected
jfk_80,wc_49,1,undirected
jfk_81,cc_unfccc26,3,undirected
jfk_81,cc_unfccc29,1,undirected
jfk_81,jfk_45,2,undirected
jfk_82,jfk_54,5,undirected
jfk_82,jfk_56,1,undirected
jfk_82,jfk_73,2,undirected
jfk_82,jfk_84,6,undirected
jfk_82,jfk_93,2,undirected
jfk_82,jfk_95,3,undirected
jfk_83,jfk_20,3,undirected
jfk_83,jfk_38,3,undirected
jfk_83,jfk_73,4,undirected
jfk_83,jfk_76,2,undirected
jfk_83,jfk_78,6,undirected
jfk_83,jfk_96,2,undirected
jfk_84,jfk_73,2,undirected
jfk_84,jfk_77,1,undirected
jfk_84,jfk_82,6,undirected
jfk_85,cc_unfccc03,1,undirected
jfk_85,jfk_01,2,undirected
jfk_85,jfk_06,3,undirected
jfk_85,jfk_10,2,undirected
jfk_85,jfk_11,4,undirected
jfk_85,jfk_12,2,undirected
jfk_85,jfk_13,2,undirected
jfk_85,jfk_24,3,undirected
jfk_85,jfk_27,1,undirected
jfk_85,jfk_34,1,undirected
jfk_85,jfk_36,3,undirected
jfk_85,jfk_44,1,undirected
jfk_85,jfk_45,2,undirected
jfk_85,jfk_55,3,undirected
jfk_85,jfk_60,1,undirected
jfk_85,jfk_63,2,undirected
jfk_85,jfk_91,4,undirected
jfk_85,wc_10,4,undirected
jfk_85,wc_21,2,undirected
jfk_85,wc_35,1,undirected
jfk_85,wc_46,2,undirected
jfk_85,wc_50,2,undirected
jfk_86,jfk_77,1,undirected
jfk_86,jfk_90,3,undirected
jfk_86,jfk_92,5,undirected
jfk_87,jfk_36,1,undirected
jfk_87,jfk_47,1,undirected
jfk_87,jfk_88,5,undirected
jfk_87,jfk_90,3,undirected
jfk_88,jfk_66,2,undirected
jfk_88,jfk_76,3,undirected
jfk_88,jfk_77,1,undirected
jfk_88,jfk_87,5,undirected
jfk_89,jfk_74,3,undirected
jfk_89,jfk_77,1,undirected
jfk_89,jfk_79,3,undirected
jfk_90,jfk_22,1,undirected
jfk_90,jfk_25,1,undirected
jfk_90,jfk_32,3,undirected
jfk_90,jfk_47,3,undirected
jfk_90,jfk_52,3,undirected
jfk_90,jfk_53,3,undirected
jfk_90,jfk_75,1,undirected
jfk_90,jfk_76,1,undirected
jfk_90,jfk_80,5,undirected
jfk_90,jfk_86,3,undirected
jfk_90,jfk_87,3,undirected
jfk_90,jfk_92,6,undirected
jfk_90,jfk_94,2,undirected
jfk_91,jfk_85,4,undirected
jfk_91,jfk_97,6,undirected
jfk_91,wc_47,1,undirected
jfk_92,jfk_32,2,undirected
jfk_92,jfk_47,1,undirected
jfk_92,jfk_52,1,undirected
jfk_92,jfk_80,3,undirected
jfk_92,jfk_86,5,undirected
jfk_92,jfk_90,6,undirected
jfk_93,jfk_73,1,undirected
jfk_93,jfk_82,2,undirected
jfk_93,jfk_96,6,undirected
jfk_94,jfk_100,1,undirected
jfk_94,jfk_90,2,undirected
jfk_94,wc_30,3,undirected
jfk_95,jfk_60,2,undirected
jfk_95,jfk_82,3,undirected
jfk_95,jfk_97,1,undirected
jfk_96,jfk_78,3,undirected
jfk_96,jfk_83,2,undirected
jfk_96,jfk_93,6,undirected
jfk_97,jfk_10,1,undirected
jfk_97,jfk_77,2,undirected
jfk_97,jfk_91,6,undirected
jfk_97,jfk_95,1,undirected
jfk_97,wc_10,1,undirected
jfk_98,jfk_60,2,undirected
jfk_98,jfk_78,1,undirected
jfk_98,wc_10,3,undirected
jfk_99,jfk_27,2,undirected
jfk_99,jfk_61,2,undirected
jfk_99,jfk_62,2,undirected
jfk_99,jfk_79,1,undirected
jfk_99,wc_09,2,undirected
jfk_99,wc_10,3,undirected
jfk_99,wc_39,1,undirected
mt_01,jfk_03,3,undirected
mt_01,mt_08,1,undirected
mt_01,wc_14,2,undirected
mt_02,cc_un03,1,undirected
mt_02,cc_unfccc26,3,undirected
mt_02,jfk_44,2,undirected
mt_03,cc_unfccc26,2,undirected
mt_03,cc_unfccc34,1,undirected
mt_03,jfk_50,3,undirected
mt_03,mt_06,3,undirected
mt_04,mt_07,4,undirected
mt_04,mt_08,5,undirected
mt_04,mt_11,4,undirected
mt_05,mt_07,1,undirected
mt_05,mt_09,3,undirected
mt_05,wc_14,2,undirected
mt_06,cc_unfccc26,1,undirected
mt_06,jfk_50,2,undirected
mt_06,mt_03,3,undirected
mt_07,mt_04,4,undirected
mt_07,mt_05,1,undirected
mt_07,mt_08,6,undirected
mt_07,mt_09,2,undirected
mt_07,mt_11,1,undirected
mt_07,wc_10,1,undirected
mt_08,jfk_16,1,undirected
mt_08,jfk_58,1,undirected
mt_08,mt_01,1,undirected
mt_08,mt_04,5,undirected
mt_08,mt_07,6,undirected
mt_08,wc_10,1,undirected
mt_09,mt_05,3,undirected
mt_09,mt_07,2,undirected
mt_09,mt_11,5,undirected
mt_09,wc_47,1,undirected
mt_10,cc_un01,1,undirected
mt_10,cc_un03,2,undirected
mt_10,cc_unfccc26,3,undirected
mt_11,mt_04,4,undirected
mt_11,mt_07,1,undirected
mt_11,mt_09,5,undirected
wc_01,jfk_29,1,undirected
wc_01,wc_09,1,undirected
wc_01,wc_14,3,undirected
wc_01,wc_30,2,undirected
wc_02,wc_03,6,undirected
wc_02,wc_04,2,undirected
wc_02,wc_09,1,undirected
wc_03,wc_02,6,undirected
wc_03,wc_04,3,undirected
wc_03,wc_05,4,undirected
wc_03,wc_07,2,undirected
wc_03,wc_08,1,undirected
wc_04,jfk_19,2,undirected
wc_04,wc_02,2,undirected
wc_04,wc_03,3,undirected
wc_04,wc_05,2,undirected
wc_04,wc_08,5,undirected
wc_04,wc_10,3,undirected
wc_05,wc_03,4,undirected
wc_05,wc_04,2,undirected
wc_05,wc_10,1,undirected
wc_06,wc_10,1,undirected
wc_06,wc_14,2,undirected
wc_06,wc_37,3,undirected
wc_07,wc_03,2,undirected
wc_07,wc_09,1,undirected
wc_07,wc_10,3,undirected
wc_08,wc_03,1,undirected
wc_08,wc_04,5,undirected
wc_08,wc_14,2,undirected
wc_09,jfk_31,2,undirected
wc_09,jfk_54,1,undirected
wc_09,jfk_57,1,undirected
wc_09,jfk_61,3,undirected
wc_09,jfk_99,2,undirected
wc_09,wc_01,1,undirected
wc_09,wc_02,1,undirected
wc_09,wc_07,1,undirected
wc_09,wc_10,1,undirected
wc_09,wc_11,6,undirected
wc_09,wc_13,3,undirected
wc_09,wc_14,4,undirected
wc_09,wc_16,3,undirected
wc_09,wc_18,1,undirected
wc_10,cc_gt08,2,undirected
wc_10,cc_unfccc02,3,undirected
wc_10,jfk_01,3,undirected
wc_10,jfk_04,2,undirected
wc_10,jfk_06,2,undirected
wc_10,jfk_08,2,undirected
wc_10,jfk_100,3,undirected
wc_10,jfk_11,2,undirected
wc_10,jfk_12,3,undirected
wc_10,jfk_14,2,undirected
wc_10,jfk_15,1,undirected
wc_10,jfk_16,3,undirected
wc_10,jfk_20,1,undirected
wc_10,jfk_26,2,undirected
wc_10,jfk_28,1,undirected
wc_10,jfk_35,1,undirected
wc_10,jfk_37,2,undirected
wc_10,jfk_42,2,undirected
wc_10,jfk_43,1,undirected
wc_10,jfk_45,1,undirected
wc_10,jfk_57,3,undirected
wc_10,jfk_58,2,undirected
wc_10,jfk_59,3,undirected
wc_10,jfk_60,3,undirected
wc_10,jfk_63,3,undirected
wc_10,jfk_85,4,undirected
wc_10,jfk_97,1,undirected
wc_10,jfk_98,3,undirected
wc_10,jfk_99,3,undirected
wc_10,mt_07,1,undirected
wc_10,mt_08,1,undirected
wc_10,wc_04,3,undirected
wc_10,wc_05,1,undirected
wc_10,wc_06,1,undirected
wc_10,wc_07,3,undirected
wc_10,wc_09,1,undirected
wc_10,wc_16,2,undirected
wc_10,wc_21,3,undirected
wc_10,wc_22,1,undirected
wc_10,wc_29,3,undirected
wc_10,wc_31,3,undirected
wc_10,wc_33,3,undirected
wc_10,wc_39,4,undirected
wc_10,wc_46,1,undirected
wc_10,wc_47,6,undirected
wc_10,wc_48,1,undirected
wc_10,wc_50,1,undirected
wc_11,wc_09,6,undirected
wc_11,wc_14,1,undirected
wc_11,wc_18,2,undirected
wc_12,cc_un12,2,undirected
wc_12,cc_unfccc21,3,undirected
wc_12,cc_unfccc26,1,undirected
wc_13,wc_09,3,undirected
wc_13,wc_14,2,undirected
wc_13,wc_47,1,undirected
wc_14,jfk_03,3,undirected
wc_14,mt_01,2,undirected
wc_14,mt_05,2,undirected
wc_14,wc_01,3,undirected
wc_14,wc_06,2,undirected
wc_14,wc_08,2,undirected
wc_14,wc_09,4,undirected
wc_14,wc_11,1,undirected
wc_14,wc_13,2,undirected
wc_14,wc_30,3,undirected
wc_14,wc_37,1,undirected
wc_15,wc_17,1,undirected
wc_15,wc_18,3,undirected
wc_15,wc_30,2,undirected
wc_16,wc_09,3,undirected
wc_16,wc_10,2,undirected
wc_16,wc_17,1,undirected
wc_17,jfk_49,1,undirected
wc_17,wc_15,1,undirected
wc_17,wc_16,1,undirected
wc_17,wc_18,6,undirected
wc_17,wc_30,2,undirected
wc_17,wc_37,1,undirected
wc_18,jfk_51,1,undirected
wc_18,wc_09,1,undirected
wc_18,wc_11,2,undirected
wc_18,wc_15,3,undirected
wc_18,wc_17,6,undirected
wc_18,wc_20,1,undirected
wc_18,wc_49,3,undirected
wc_19,wc_31,1,undirected
wc_19,wc_37,2,undirected
wc_19,wc_44,1,undirected
wc_19,wc_47,3,undirected
wc_20,wc_18,1,undirected
wc_20,wc_30,3,undirected
wc_20,wc_39,2,undirected
wc_21,jfk_85,2,undirected
wc_21,wc_10,3,undirected
wc_21,wc_31,1,undirected
wc_22,wc_10,1,undirected
wc_22,wc_30,3,undirected
wc_22,wc_32,1,undirected
wc_22,wc_37,2,undirected
wc_23,cc_unfccc26,3,undirected
wc_23,jfk_06,2,undirected
wc_23,wc_29,1,undirected
wc_24,wc_26,2,undirected
wc_24,wc_37,1,undirected
wc_24,wc_38,4,undirected
wc_25,wc_26,6,undirected
wc_25,wc_28,2,undirected
wc_25,wc_37,2,undirected
wc_26,wc_24,2,undirected
wc_26,wc_25,6,undirected
wc_26,wc_28,3,undirected
wc_26,wc_30,2,undirected
wc_26,wc_40,2,undirected
wc_27,wc_28,1,undirected
wc_27,wc_30,3,undirected
wc_27,wc_37,2,undirected
wc_28,jfk_49,2,undirected
wc_28,wc_25,2,undirected
wc_28,wc_26,3,undirected
wc_28,wc_27,1,undirected
wc_28,wc_30,6,undirected
wc_28,wc_37,5,undirected
wc_28,wc_38,3,undirected
wc_29,jfk_06,2,undirected
wc_29,jfk_31,1,undirected
wc_29,jfk_46,3,undirected
wc_29,wc_10,3,undirected
wc_29,wc_23,1,undirected
wc_29,wc_47,1,undirected
wc_30,jfk_03,2,undirected
wc_30,jfk_12,1,undirected
wc_30,jfk_51,2,undirected
wc_30,jfk_94,3,undirected
wc_30,wc_01,2,undirected
wc_30,wc_14,3,undirected
wc_30,wc_15,2,undirected
wc_30,wc_17,2,undirected
wc_30,wc_20,3,undirected
wc_30,wc_22,3,undirected
wc_30,wc_26,2,undirected
wc_30,wc_27,3,undirected
wc_30,wc_28,6,undirected
wc_30,wc_32,3,undirected
wc_30,wc_34,3,undirected
wc_30,wc_36,2,undirected
wc_30,wc_37,4,undirected
wc_30,wc_38,2,undirected
wc_30,wc_40,3,undirected
wc_30,wc_43,3,undirected
wc_31,wc_10,3,undirected
wc_31,wc_19,1,undirected
wc_31,wc_21,1,undirected
wc_31,wc_33,2,undirected
wc_31,wc_35,2,undirected
wc_31,wc_42,2,undirected
wc_31,wc_46,5,undirected
wc_32,wc_22,1,undirected
wc_32,wc_30,3,undirected
wc_32,wc_37,2,undirected
wc_33,cc_unfccc26,1,undirected
wc_33,wc_10,3,undirected
wc_33,wc_31,2,undirected
wc_34,cc_unfccc26,1,undirected
wc_34,wc_30,3,undirected
wc_34,wc_39,2,undirected
wc_35,cc_unfccc26,3,undirected
wc_35,jfk_85,1,undirected
wc_35,wc_31,2,undirected
wc_36,wc_30,2,undirected
wc_36,wc_37,1,undirected
wc_36,wc_39,3,undirected
wc_36,wc_43,1,undirected
wc_36,wc_45,1,undirected
wc_37,wc_06,3,undirected
wc_37,wc_14,1,undirected
wc_37,wc_17,1,undirected
wc_37,wc_19,2,undirected
wc_37,wc_22,2,undirected
wc_37,wc_24,1,undirected
wc_37,wc_25,2,undirected
wc_37,wc_27,2,undirected
wc_37,wc_28,5,undirected
wc_37,wc_30,4,undirected
wc_37,wc_32,2,undirected
wc_37,wc_36,1,undirected
wc_37,wc_39,1,undirected
wc_37,wc_43,2,undirected
wc_38,wc_24,4,undirected
wc_38,wc_28,3,undirected
wc_38,wc_30,2,undirected
wc_38,wc_40,1,undirected
wc_39,jfk_09,1,undirected
wc_39,jfk_16,2,undirected
wc_39,jfk_33,2,undirected
wc_39,jfk_60,2,undirected
wc_39,jfk_61,1,undirected
wc_39,jfk_63,1,undirected
wc_39,jfk_77,1,undirected
wc_39,jfk_99,1,undirected
wc_39,wc_10,4,undirected
wc_39,wc_20,2,undirected
wc_39,wc_34,2,undirected
wc_39,wc_36,3,undirected
wc_39,wc_37,1,undirected
wc_39,wc_44,1,undirected
wc_39,wc_45,2,undirected
wc_39,wc_47,5,undirected
wc_39,wc_48,3,undirected
wc_40,wc_26,2,undirected
wc_40,wc_30,3,undirected
wc_40,wc_38,1,undirected
wc_41,cc_un03,2,undirected
wc_41,cc_unfccc26,3,undirected
wc_41,jfk_24,1,undirected
wc_42,cc_unfccc26,3,undirected
wc_42,jfk_06,1,undirected
wc_42,wc_31,2,undirected
wc_43,wc_30,3,undirected
wc_43,wc_36,1,undirected
wc_43,wc_37,2,undirected
wc_44,jfk_22,2,undirected
wc_44,jfk_49,3,undirected
wc_44,wc_19,1,undirected
wc_44,wc_39,1,undirected
wc_44,wc_45,3,undirected
wc_44,wc_47,3,undirected
wc_44,wc_48,2,undirected
wc_44,wc_49,6,undirected
wc_45,wc_36,1,undirected
wc_45,wc_39,2,undirected
wc_45,wc_44,3,undirected
wc_46,jfk_46,2,undirected
wc_46,jfk_85,2,undirected
wc_46,wc_10,1,undirected
wc_46,wc_31,5,undirected
wc_47,jfk_02,2,undirected
wc_47,jfk_03,1,undirected
wc_47,jfk_100,1,undirected
wc_47,jfk_18,2,undirected
wc_47,jfk_22,3,undirected
wc_47,jfk_29,2,undirected
wc_47,jfk_77,2,undirected
wc_47,jfk_91,1,undirected
wc_47,mt_09,1,undirected
wc_47,wc_10,6,undirected
wc_47,wc_13,1,undirected
wc_47,wc_19,3,undirected
wc_47,wc_29,1,undirected
wc_47,wc_39,5,undirected
wc_47,wc_44,3,undirected
wc_47,wc_49,2,undirected
wc_48,wc_10,1,undirected
wc_48,wc_39,3,undirected
wc_48,wc_44,2,undirected
wc_49,jfk_100,2,undirected
wc_49,jfk_80,1,undirected
wc_49,wc_18,3,undirected
wc_49,wc_44,6,undirected
wc_49,wc_47,2,undirected
wc_50,cc_unfccc26,3,undirected
wc_50,jfk_85,2,undirected
wc_50,wc_10,1,undirected
